id,facility_id,year,material,commodity,mineral_value_tonnes,commodity_value_tonnes,grade_ppm,source_id,comment
1,COM00001.00,2019,O.bulk,Me.Ag,3552000,,,det_2832,
2,COM00001.00,2019,O.bulk,Me.Au,3552000,,,det_2832,
3,COM00001.00,2019,O.bulk,Me.Cu,3552000,,,det_2832,
4,COM00001.00,2019,O.bulk,Me.Zn,3552000,,,det_2832,
5,COM00002.00,2019,O.Fe,Me.Fe,56300000,,,det_1307,
6,COM00003.00,2017,F.sbc,,25006968,,,det_1427,
7,COM00007.00,2018,O.Au,Me.Au,10730000,48.194189321,4.932516309412861,det_2833,
8,COM00007.00,2018,O.Au,Nm.S,8760000,370584.96629,42636.98630136986,det_2833,
9,COM00009.00,2019,O.Au,Me.Au,171000000,273.28940172,1.5949673814296959,det_2698,
10,COM00013.00,2018,O.bulk,Me.Ag,1148000000,,,det_1124,proven ; probable
11,COM00013.00,2018,O.bulk,Me.Au,1148000000,,,det_1124,proven ; probable
12,COM00013.00,2018,O.bulk,Me.Cu,1148000000,,,det_1124,proven ; probable
13,COM00015.00,2019,O.bulk,Me.Cu,1399000000,,,det_2834,
14,COM00015.00,2019,O.bulk,Me.Mo,1399000000,,,det_2834,
15,COM00016.00,2019,O.Au,Me.Au,60800000,73.14176934,1.2160453342605264,det_2698,
16,COM00017.00,2019,O.Al,Me.Al2O3,188724510.19592163,,,det_1270,30.9 (probable) + 16.3 (proven)
17,COM00017.00,2019,O.Al,Nm.SiO2,188724510.19592163,,,det_1270,30.9 (probable) + 16.3 (proven)
18,COM00024.00,2018,O.bulk,Me.Ag,2500000,,,det_1374,
19,COM00024.00,2018,O.bulk,Me.Cu,2500000,,,det_1374,
20,COM00024.00,2018,O.bulk,Me.Pb,2500000,,,det_1374,
21,COM00024.00,2018,O.bulk,Me.Zn,2500000,,,det_1374,
22,COM00033.00,2018,O.pgm,Me.pgm,103500000,428.07779926300003,4.54,det_1103,
23,COM00035.00,2019,M.lat,Me.Co,124500000,99600,800,det_1432,
24,COM00035.00,2019,M.lat,Me.Ni,124500000,1096000,8800,det_1432,
25,COM00041.00,2018,O.Cu,Me.Cu,1163000000,8000000,6899.999999999999,det_1171,
26,COM00048.00,2018,O.bulk,Me.Ag,489100000,,,det_1602,
27,COM00048.00,2018,O.bulk,Me.Cu,489100000,,,det_1602,
28,COM00048.00,2018,O.bulk,Me.Mo,279500000,,,det_1602,
29,COM00048.00,2018,O.bulk,Me.Zn,209600000,,,det_1602,
30,COM00050.00,2013,O.bulk,Me.Au,37547,,,det_1343,
31,COM00051.00,2019,O.bulk,Me.Au,600000,0.2438058978,0.4,det_2835,
32,COM00051.00,2019,O.bulk,Me.Cu,600000,5900,9000,det_2835,
33,COM00052.00,2018,F.coal,,428561280,,,det_1077,
34,COM00054.00,2019,O.Cu,Me.Cu,687000000,,,det_1173,
35,COM00055.00,2020,F.coal,,198000000,,,det_1489,
36,COM00056.00,2013,O.P,Nm.PO,132100000,,,det_1162,
37,COM00066.00,2010,F.coal,,13426560,,,det_1409,
38,COM00067.00,2017,O.dig,Nm.dia,16000000,,,det_1065,
39,COM00072.00,2018,O.Cu,Me.Cu,,161181,31700,det_1332,
40,COM00082.00,2019,O.Mn,Me.Mn,13100000,,,det_1159,
41,COM00084.00,2019,O.bulk,Me.Ag,2510000000,,,det_1167,
42,COM00084.00,2019,O.bulk,Me.Cu,2535000000,,,det_1167,
43,COM00084.00,2019,O.bulk,Me.Mo,2510000000,,,det_1167,
44,COM00086.00,2019,O.Au,Me.Au,32700000,19.759617531000004,0.6688379204892967,det_2791,
45,COM00087.00,2019,F.coal,,135000000,,,det_1508,
46,COM00088.00,2007,O.Au,Me.Au,128093000,86.72119085700001,0.6803885551200001,det_1041,
47,COM00088.00,2018,O.Au,Me.Au,66650000,38.186807481,0.6,det_2836,
48,COM00092.00,2014,O.Nb,Me.Nb,1100000,,,det_1114,
49,COM00093.00,2019,F.coal,,1150000000,,,det_1376,under PRC standard
50,COM00095.00,2019,F.coal,,30000000,,,det_1376,under PRC standard
51,COM00100.00,2018,O.Ni,Me.Ni,52000000,682000,13100,det_1103,
52,COM00104.00,2015,O.bulk,Me.Ag,658350515.4639175,523.7355176907217,0.8058260943560288,det_1013,
53,COM00104.00,2015,O.bulk,Me.Au,658350515.4639175,156.06850806185568,0.22834994844361725,det_1013,
54,COM00104.00,2015,O.bulk,Me.Cu,658350515.4639175,2440981.62,,det_1013,
55,COM00107.00,2013,O.P,Nm.PO,415900000,,,det_1162,
56,COM00109.00,2019,F.stc,,212284800,,,det_2144,
57,COM00110.00,2018,O.Au,Me.Au,14300000,34.8699134499,2.676223776223776,det_1093,
58,COM00113.00,2019,F.coc,,23133600,,,det_1399,
59,COM00114.00,2019,O.Fe,Me.Fe,44870000,,,det_1265,
60,COM00118.00,2018,F.obc,,5670907.2,,,det_1431,
61,COM00122.00,2019,O.Mn,Me.Mn,12130000,,,det_2044,
62,COM00128.00,2017,F.lig,,4570473.600000001,,,det_1427,
63,COM00130.00,2005,O.Au,Me.Au,4300000,2.8349523130000005,0.8504856939000002,det_2837,
64,COM00133.00,2018,O.bulk,Me.Ag,619000000,,,det_1065,
65,COM00133.00,2018,O.bulk,Me.Au,619000000,,,det_1065,
66,COM00133.00,2018,O.bulk,Me.Cu,619000000,,,det_1065,
67,COM00133.00,2018,O.bulk,Me.Mo,619000000,,,det_1065,
68,COM00134.00,2019,F.coal,,77000000,,,det_1515,
69,COM00135.00,2010,F.coal,,6985440,,,det_1406,
70,COM00139.00,2009,O.bulk,Me.Cu,7700000,,,det_2838,
71,COM00139.00,2009,O.bulk,Me.Pb,7700000,,,det_2838,
72,COM00139.00,2009,O.bulk,Me.Zn,7700000,,,det_2838,
73,COM00139.00,2019,O.bulk,Me.Ag,7700000,,,det_1307,
74,COM00139.00,2019,O.bulk,Me.Pb,61400000,,,det_1307,
75,COM00139.00,2019,O.bulk,Me.Zn,61400000,,,det_1307,
76,COM00140.00,2019,O.Mn,Me.Mn,292900000,,,det_1265,
77,COM00141.00,2019,F.stc,,678313440,,,det_1399,
78,COM00143.00,2019,F.coal,,419000000,,,det_1135,
79,COM00144.00,2020,F.stc,,24500000,,,det_1546,
80,COM00145.00,2018,O.Au,Me.Au,15300000,59.50564904987001,4.3,det_1093,
81,COM00150.00,2019,O.Al,Me.Al2O3,2540000,,,det_1307,
82,COM00150.00,2019,O.Al,Nm.SiO2,2540000,,,det_1307,
83,COM00151.00,2017,O.bulk,Me.Au,651000000,358.62146595,0.558934146503149,det_2839,
84,COM00151.00,2017,O.bulk,Me.Cu,651000000,607813.7758,,det_2839,
85,COM00153.00,2019,F.coal,,1700000000,,,det_1277,
86,COM00157.00,2019,O.bulk,Me.Ag,7925000,141.74761565,19,det_2129,
87,COM00157.00,2019,O.bulk,Me.Au,7925000,1.814369472,0.25,det_2129,
88,COM00157.00,2019,O.bulk,Me.Cu,7925000,68038.8555,8600,det_2129,
89,COM00160.00,2020,F.coal,,97000000,,,det_1581,64+33
90,COM00163.00,2019,O.bulk,Me.Ag,864100000,,,det_2834,
91,COM00163.00,2019,O.bulk,Me.Au,864100000,,,det_2834,
92,COM00163.00,2019,O.bulk,Me.Cu,864100000,,,det_2834,
93,COM00163.00,2019,O.bulk,Me.Mo,864100000,,,det_2834,
94,COM00164.00,2019,O.bulk,Me.Ag,11700000,,,det_2834,
95,COM00164.00,2019,O.bulk,Me.Au,11700000,,,det_2834,
96,COM00164.00,2019,O.bulk,Me.Cu,11700000,,,det_2834,
97,COM00170.00,2019,F.coc,,181000000,,,det_1135,
98,COM00176.00,2019,F.coal,,108000000,,,det_1426,4.5% - 6.0% moisture basis
99,COM00177.00,2017,F.obc,,14759236.8,,,det_1427,
100,COM00178.00,2018,O.sul,Me.Cu,4102003000,,,det_2840,
101,COM00178.00,2018,O.sul,Me.Mo,4102003000,,,det_2840,
102,COM00180.00,2018,O.Au,Me.Au,10336463.223787168,77.50644238028168,8.23,det_1035,
103,COM00183.00,2018,O.Au,Me.Au,14200000,55.139822487850005,4.3,det_1093,
104,COM00186.00,2018,O.Au,Me.Au,10668231.611893583,8.739993788732395,0.8999999999999999,det_1035,
105,COM00189.00,2019,F.stc,,410961600,,,det_2144,
106,COM00190.00,2018,O.bulk,Me.Ag,1400000000,1020.58283268,0.78,det_2841,
107,COM00190.00,2018,O.bulk,Me.Au,1480000000,635.029318112,0.4737837837837838,det_2841,
108,COM00190.00,2018,O.bulk,Me.Cu,1480000000,4330000,2989.189189189189,det_2841,
109,COM00191.00,2018,F.obc,,2132827.2,,,det_1431,
110,COM00192.00,2019,O.bulk,Me.Fe,11461000,,,det_1447,
111,COM00192.00,2019,O.bulk,Me.Ni,11461000,165030,14400,det_1447,
112,COM00192.00,2019,O.Fe,Me.Ni,7862000,97490,12400,det_1447,
113,COM00194.00,2013,O.P,Nm.PO,114400000,,,det_1162,
114,COM00196.00,2019,O.Au,Me.Au,133808000,135.454020894,1.11,det_1917,
115,COM00197.00,2019,O.bulk,Me.Ag,663696000,1077.28187894,2.2438630777886353,det_2842,
116,COM00197.00,2019,O.bulk,Me.Au,663696000,76.543712451,0.12233537643740508,det_2842,
117,COM00197.00,2019,O.bulk,Me.Cu,663696000,3603000,5585.9595356910395,det_2842,
118,COM00198.00,2019,O.bulk,Me.Au,21000000,,,det_1147,
119,COM00198.00,2019,O.bulk,Me.Pb,21000000,,,det_1147,
120,COM00198.00,2019,O.bulk,Me.Zn,21000000,,,det_1147,
121,COM00201.00,2020,F.coc,,84800000,,,det_1115,32.2+46.5 
122,COM00201.00,2020,F.stc,,9100000,,,det_1115,
123,COM00203.00,2013,F.coal,,26800000,,,det_1162,
124,COM00205.00,2017,O.Au,Me.Au,295300000,420.42342609,1.4191273986193227,det_2839,
125,COM00207.00,2018,O.bulk,Me.Au,316400000,,,det_1602,
126,COM00207.00,2018,O.bulk,Me.Cu,321500000,,,det_1602,
127,COM00208.00,2020,O.Au,Me.Au,33000000,56.699046,1.9,det_1499,
128,COM00210.00,2019,O.Fe,Me.Fe,2828000000,,,det_1222,856 (Proven) + 1662 (Probable) ; 101 (Proven) + 209 (Probable)
129,COM00211.00,2019,O.bulk,Me.Au,1216000,104.04274941,91.5,det_1468,
130,COM00212.00,2011,,Me.Nb,4300000,,,det_2843,
131,COM00213.00,2013,O.P,Nm.PO,52800000,,,det_1162,
132,COM00215.00,2019,F.coc,,347000000,,,det_1135,
133,COM00216.00,2017,O.bulk,Me.Ag,4099999.9999999995,,,det_2844,
134,COM00216.00,2017,O.bulk,Me.Au,4099999.9999999995,,,det_2844,
135,COM00216.00,2017,O.bulk,Me.Zn,4099999.9999999995,,,det_2844,
136,COM00216.00,2017,O.Cu,Me.Cu,4099999.9999999995,,,det_2844,
137,COM00217.00,2018,O.Al,Me.Al2O3,466000000,,,det_1065,
138,COM00219.00,2018,O.Fe,Me.Fe,23700000,,,det_1371,
139,COM00220.00,2019,O.bulk,Me.Au,1829400000,,,det_1173,
140,COM00220.00,2019,O.bulk,Me.Cu,2154900000,,,det_1173,
141,COM00220.00,2019,O.bulk,Me.Mo,1829400000,,,det_1173,
142,COM00221.00,2020,F.coal,,24737010000,,,det_2845,Only proved reserve
143,COM00222.00,2012,O.Fe,,709460000,,,det_1941,0.38*1867
144,COM00223.00,2020,O.Au,Me.Au,25615000,61.149921111,2.6233066562561,det_1439,
145,COM00224.00,2015,O.bulk,Me.Ag,2700000,,,det_2847,
146,COM00224.00,2015,O.bulk,Me.Pb,2700000,,,det_2846,
147,COM00224.00,2015,O.bulk,Me.Zn,2700000,,,det_2846,
148,COM00225.00,2019,F.stc,,342000000,,,det_1135,
149,COM00227.00,2018,O.bulk,Me.Ag,2100000,,,det_1374,
150,COM00227.00,2018,O.bulk,Me.Pb,2100000,,,det_1374,
151,COM00227.00,2018,O.bulk,Me.Zn,2100000,,,det_1374,
152,COM00228.00,2019,O.Ni,Me.Ni,32000000,,,det_1147,
153,COM00229.00,2019,O.Au,Me.Ag,1530000,863.554820103,619.2,det_1917,
154,COM00229.00,2019,O.Au,Me.Au,1530000,14.996897667,10.75,det_1917,
155,COM00230.00,2019,O.Au,Me.Au,9300000,73.70875980000001,8.02291504579,det_1151,
156,COM00231.00,2020,O.Fe,Me.Fe,303400000,,,det_1369,
157,COM00232.00,2018,O.Au,Me.Ag,17145945.945945945,1001.5809901496217,64.08,det_2833,
158,COM00232.00,2018,O.Au,Me.Au,17145945.945945945,32.79350243145946,2.1,det_2833,
159,COM00233.00,2019,O.bulk,Me.Ag,4170000000,,,det_1167,
160,COM00233.00,2019,O.bulk,Me.Cu,4265000000,,,det_1167,
161,COM00233.00,2019,O.bulk,Me.Mo,4170000000,,,det_1167,
162,COM00241.00,2019,O.Al,Me.Al2O3,17730000,,,det_1274,
163,COM00241.00,2019,O.Al,Nm.SiO2,17730000,,,det_1274,
164,COM00243.00,2019,O.Mn,Me.Mn,17000000,,,det_2044,
165,COM00244.00,2019,O.bulk,Me.Au,803984000,130.40780639800002,0.13243596887500247,det_2842,
166,COM00244.00,2019,O.bulk,Me.Cu,738789000,1757000,2000,det_2842,
167,COM00245.00,2014,O.P,Nm.PO,112000000,,,det_1114,
168,COM00250.00,2019,O.Cu,Me.Cu,250000,6800,25200,det_1449,
169,COM00253.00,2019,O.bulk,Me.Ag,224000000,,,det_1167,
170,COM00253.00,2019,O.bulk,Me.Au,224000000,,,det_1167,
171,COM00253.00,2019,O.bulk,Me.Cu,324000000,,,det_1167,
172,COM00253.00,2019,O.bulk,Me.Mo,224000000,,,det_1167,
173,COM00254.00,2018,O.Au,Me.Au,6725555.555555555,13.07228005,2.1,det_2836,
174,COM00256.00,2019,F.stc,,17200000,,,det_1307,
175,COM00257.00,2018,O.bulk,Me.Ag,8300000.000000001,,,det_1374,
176,COM00257.00,2018,O.bulk,Me.Cu,8300000.000000001,,,det_1374,
177,COM00257.00,2018,O.bulk,Me.Pb,8300000.000000001,,,det_1374,
178,COM00257.00,2018,O.bulk,Me.Zn,8300000.000000001,,,det_1374,
179,COM00258.00,2018,O.bulk,Me.Ag,8950000,1613.995043436,198,det_1126,
180,COM00258.00,2018,O.bulk,Me.Au,8950000,16.953014754,2.08,det_1126,
181,COM00258.00,2018,O.bulk,Me.Pb,8950000,74000,8199.999999999998,det_1126,
182,COM00258.00,2018,O.bulk,Me.Zn,8950000,112000,12500,det_1126,
183,COM00262.00,2019,O.Ni,Me.Ni,450000,,,det_1135,
184,COM00263.00,2019,F.coal,,86000000,,,det_1426,4.5% - 6.0% moisture basis
185,COM00264.00,2019,,Me.Mo,160000000,,,det_1167,
186,COM00265.00,2019,F.stc,,83643840,,,det_1399,
187,COM00266.00,2017,F.obc,,9759657.6,,,det_1427,
188,COM00267.00,2016,F.stc,,20865600,,,det_1402,
189,COM00269.00,2017,O.Cu,Me.Cu,4300000,,,det_2848,
190,COM00272.00,2018,O.Cu,Me.Cu,3229000000,19100000,5928.12016104057,det_1171,
191,COM00276.00,2018,O.Cu,Me.Cu,3131100000,29140000,9281.983967295839,det_1104,
192,COM00276.00,2018,O.Cu,Me.Mo,3131100000,791000,252.31164766376034,det_1104,
193,COM00280.00,2017,F.sbc,,218714126.4,,,det_1427,
194,COM00281.00,2014,O.bulk,Me.Ag,590847127.5559883,1071.0433226874393,1.7009713878000001,det_1013,
195,COM00281.00,2014,O.bulk,Me.Au,590847127.5559883,356.64638477117825,0.59533998573,det_1013,
196,COM00281.00,2014,O.bulk,Me.Cu,590847127.5559883,1492835.648101266,,det_1013,
197,COM00283.00,2019,O.bulk,Me.Ag,493800000,,,det_2849,
198,COM00283.00,2019,O.bulk,Me.Au,493800000,,,det_2849,
199,COM00283.00,2019,O.bulk,Me.Cu,493800000,,,det_2849,
200,COM00283.00,2019,O.bulk,Me.Mo,493800000,,,det_2849,
201,COM00285.00,2018,O.Au,Me.Au,17200000,4.50757417767,0.3063953488372093,det_1093,
202,COM00286.00,2011,O.P,Nm.PO,239200000,,,det_2843,
203,COM00287.00,2019,F.coc,,29937600,,,det_2144,
204,COM00292.00,2018,F.coal,,258824160,,,det_1077,
205,COM00294.00,2018,O.Au,Me.Au,145054000,247.689782451,1.87,det_1035,
206,COM00297.00,2014,O.Au,Me.Au,41470000,44.083508265,1.17,det_1036,
207,COM00298.00,2019,F.coal,,63141119.99999999,,,det_1373,
208,COM00299.00,2019,O.bulk,Me.Ag,5166000,190.22529933,40,det_2850,
209,COM00299.00,2019,O.bulk,Me.Cu,5166000,78000,15000,det_2850,
210,COM00299.00,2019,O.bulk,Me.Pb,5166000,7000,1300,det_2850,
211,COM00299.00,2019,O.bulk,Me.Zn,5166000,33000,6400,det_2850,
212,COM00302.00,2013,O.Au,Me.Au,182650000,133.5262539423,0.8,det_2851,
213,COM00302.00,2017,O.Au,Me.Au,174200000,98.65634004,0.5731909036519691,det_2839,
214,COM00305.00,2018,O.sul,Me.Cu,1766131000,,,det_2840,
215,COM00305.00,2018,O.sul,Me.Mo,1766131000,,,det_2840,
216,COM00305.00,2019,O.oxi,Me.Cu,1262000,,,det_1014,
217,COM00307.00,2013,F.coal,,17781120,,,det_1403,
218,COM00309.00,2019,F.coal,,238000000,,,det_1426,10.0% moisture basis at Curragh
219,COM00314.00,2019,O.Al,Me.Al2O3,128199999.99999999,,,det_1270,56.6 (probable) + 71.6 (proven)
220,COM00314.00,2019,O.Al,Nm.SiO2,128199999.99999999,,,det_1270,56.6 (probable) + 71.6 (proven)
221,COM00315.00,2007,O.Au,Me.Au,5208000,18.568937565000002,3.5720399143800003,det_1041,
222,COM00315.00,2020,O.Au,Me.Au,2690000,6.775535997,2.8,det_1699,
223,COM00319.00,2019,F.coal,,99000000,,,det_1135,
224,COM00320.00,2020,F.coc,,73800000,,,det_1115,
225,COM00320.00,2020,F.stc,,63600000,,,det_1115,
226,COM00321.00,2019,O.Mn,Me.Mn,60120000,,,det_2044,
227,COM00322.00,2018,O.Au,Me.Au,15300000,59.50564904987001,4.3,det_1093,
228,COM00326.00,2020,O.bulk,Me.Au,2225000,12.643887258000001,6.199999999999999,det_1500,
229,COM00326.00,2020,O.bulk,Me.Cu,2225000,6900,3000,det_1500,
230,COM00327.00,2020,O.bulk,Me.Au,4200000,5.95339983,1.5999999999999999,det_1485,
231,COM00327.00,2020,O.bulk,Me.Cu,4200000,202000,48595.23809523809,det_1485,
232,COM00332.00,2018,O.dig,Nm.dia,12000000,,,det_1065,
233,COM00333.00,2019,O.Au,Me.Ag,43100000,75.9767219884,1.9394663573085849,det_1359,
234,COM00333.00,2019,O.Au,Me.Au,43100000,35.7203991438,0.904245939675174,det_1359,
235,COM00333.00,2019,O.Au,Me.Cu,43100000,160000,3589.0951276102087,det_1359,
236,COM00338.00,2019,O.bulk,Me.Ag,43700000,,,det_1380,
237,COM00338.00,2019,O.bulk,Me.Au,43700000,,,det_1380,
238,COM00341.00,2019,F.coal,,69037920,,,det_1411,
239,COM00343.00,2018,,Me.Au,216600000,63.61632990372001,0.3314404432132964,det_1093,
240,COM00344.00,2018,O.Au,Me.Au,15000000,94.20546536099002,6.8933333333333335,det_1093,
241,COM00352.00,2018,O.bulk,Me.Ag,28600000,,,det_2852,
242,COM00352.00,2018,O.bulk,Me.Pb,28600000,,,det_2852,
243,COM00352.00,2018,O.bulk,Me.Zn,28600000,,,det_2852,
244,COM00353.00,2010,F.coal,,9797760,,,det_1409,
245,COM00354.00,2013,O.Au,Me.Au,67622950.81967212,76.97360240778688,1.1339809252000002,det_1012,
246,COM00354.00,2020,O.Au,Me.Au,43000000,45.359236800000005,1.1,det_1498,
247,COM00357.00,2018,O.Cu,Me.Cu,,549778,5000,det_1332,
248,COM00359.00,2018,O.Au,Me.Ag,2288000,21.857482233000002,10.5,det_2836,
249,COM00359.00,2018,O.Au,Me.Au,2288000,13.097479626,6.3,det_2836,
250,COM00360.00,2019,O.Cr,Me.Cr2O3,58890000,,,det_1268,
251,COM00363.00,2019,O.bulk,Me.Ag,4119000,20.9786471162,6,det_2842,
252,COM00363.00,2019,O.bulk,Me.Au,4119000,,,det_2842,
253,COM00363.00,2019,O.bulk,Me.Cu,4119000,91000,22000,det_2842,
254,COM00363.00,2019,O.bulk,Me.Ni,4119000,108000,26000,det_2842,
255,COM00365.00,2018,O.pgm,Me.pgm,22500000,726.14468545182,17.2,det_1093,
256,COM00368.00,2020,O.Au,Me.Au,42100000,41.872245471,1.09,det_2853,
257,COM00369.00,2020,O.Au,Me.Au,5800000,12.4089,2.1517241379310343,det_1495,
258,COM00372.00,2019,O.Cu,Me.Cu,717000000,,,det_1167,
259,COM00373.00,2020,O.Fe,Me.Fe,76800000,,,det_1369,
260,COM00374.00,2018,O.sul,Me.Cu,2353337000,,,det_2840,
261,COM00374.00,2018,O.sul,Me.Mo,2353337000,,,det_2840,
262,COM00376.00,2019,O.Au,Me.Ag,6397000,857.232876474,147,det_1917,
263,COM00376.00,2019,O.Au,Me.Au,6397000,25.968163068000003,4.45,det_1917,
264,COM00378.00,2020,O.Fe,Me.Fe,93500000,,,det_1369,
265,COM00380.00,2019,F.stc,,30844800,,,det_2144,
266,COM00381.00,2018,O.Cu,Me.Cu,67099999.99999999,538000,8000,det_1104,
267,COM00382.00,2018,O.Cu,Me.Cu,1348000000,11400000,8500,det_1171,
268,COM00386.00,2019,O.Au,Me.Au,8300000,36.28738944,4.39417608515,det_1151,
269,COM00392.00,2018,,Me.U,4900000,,,det_1065,
270,COM00394.00,2002,O.Au,Me.Au,65700000,22.679618504000004,0.37,det_2854,
271,COM00395.00,2019,O.bulk,Me.Ag,79000000,,,det_2855,
272,COM00395.00,2019,O.bulk,Me.Pb,79000000,,,det_2855,
273,COM00395.00,2019,O.bulk,Me.Zn,79000000,,,det_2855,
274,COM00396.00,2019,O.bulk,Me.Ag,24700000,,,det_1380,
275,COM00396.00,2019,O.bulk,Me.Au,24700000,,,det_1380,
276,COM00397.00,2018,O.Cu,Me.Cu,7539000000,,,det_1065,Sulphide ; Sulphide leach ; Oxide
277,COM00398.00,2005,O.Au,Me.Ag,268000,318.223395675,1187.2780286844002,det_1043,
278,COM00398.00,2007,O.Au,Me.Au,35000,0.453592368,12.95573207041,det_1041,
279,COM00399.00,2017,F.lig,,113976979.2,,,det_1427,
280,COM00408.00,2019,F.coal,,340835040,,,det_1373,
281,COM00413.00,2020,O.Fe,Me.Fe,1678000000,,,det_2856,
282,COM00414.00,2019,F.coal,,4445280,,,det_1373,
283,COM00416.00,2010,F.coal,,18416160,,,det_1406,
284,COM00417.00,2017,O.Ni,Me.Fe,36342670,,,det_1448,
285,COM00417.00,2017,O.Ni,Me.Ni,36342670,,,det_1448,
286,COM00418.00,2018,O.Au,Me.Au,267573000,86.069151828,0.39999999999999997,det_2836,
287,COM00421.00,2020,O.Fe,Me.Al2O3,2246000000,,,det_1355,
288,COM00421.00,2020,O.Fe,Me.Fe,2246000000,,,det_1355,
289,COM00421.00,2020,O.Fe,Nm.P,2246000000,,,det_1355,
290,COM00421.00,2020,O.Fe,Nm.SiO2,2246000000,,,det_1355,
291,COM00422.00,2020,O.Au,Me.Au,6471000,11.283110154000001,1.91,det_1439,
292,COM00425.00,2019,F.stc,,12700800,,,det_2144,
293,COM00428.00,2019,F.coal,,392636160,,,det_1373,
294,COM00429.00,2018,O.bulk,Me.Ag,22572000,5008.113335088,243,det_1126,
295,COM00429.00,2018,O.bulk,Me.Au,22572000,16.045830018,0.78,det_1126,
296,COM00429.00,2018,O.bulk,Me.Pb,22572000,355000,15700.000000000002,det_1126,
297,COM00429.00,2018,O.bulk,Me.Zn,22572000,755000,33500,det_1126,
298,COM00432.00,2012,O.Au,Me.Au,50880000,445.626152037,6.26,det_2857,
299,COM00436.00,2018,O.Cu,Me.Cu,336000000,1200000,3500,det_1171,
300,COM00442.00,2018,O.bulk,Me.Ag,76200000,,,det_1124,
301,COM00442.00,2018,O.bulk,Me.Au,76200000,,,det_1124,
302,COM00442.00,2018,O.bulk,Me.Cu,76200000,,,det_1124,
303,COM00442.00,2018,O.bulk,Me.Pb,76200000,,,det_1124,
304,COM00442.00,2018,O.bulk,Me.Zn,76200000,,,det_1124,
305,COM00445.00,2019,F.stc,,47174400,,,det_2144,
306,COM00446.00,2018,O.Au,Me.Au,9470000,37.704865762900006,4.38,det_2833,
307,COM00447.00,2018,O.Mn,Me.Mn,66800000,,,det_1104,
308,COM00448.00,2017,F.sbc,,67575513.60000001,,,det_1427,
309,COM00480.00,2019,F.coal,,70217280,,,det_1411,
310,COM00482.00,2020,F.stc,,17500000,,,det_1115,11.5+6.0
311,COM00483.00,2019,F.stc,,290000000,,,det_1265,
312,COM00484.00,2015,O.bulk,Me.Cu,300000,,,det_2846,Partial Oxide Copper
313,COM00484.00,2016,O.bulk,Me.Ag,4100000,,,det_2846,Primary Zinc ; Primary Copper ; Oxide Gold
314,COM00484.00,2016,O.bulk,Me.Au,4100000,,,det_2846,Primary Zinc ; Primary Copper ; Oxide Gold
315,COM00484.00,2016,O.bulk,Me.Cu,3900000,,,det_2846,Primary Zinc ; Primary Copper
316,COM00484.00,2016,O.bulk,Me.Pb,1900000,,,det_2846,Primary Zinc
317,COM00484.00,2016,O.bulk,Me.Zn,1900000,,,det_2846,Primary Zinc
318,COM00485.00,2018,O.Au,Me.Au,366000,0.56699046,1.7,det_1035,
319,COM00486.00,2019,O.Au,Me.Au,20980000,30.844281024,1.61,det_1632,
320,COM00487.00,2018,O.Au,Me.Au,6399000,56.500599339000004,9.69,det_2858,
321,COM00488.00,2018,O.Au,Me.Au,75000000,261.146356035,3.8221202666666665,det_1035,
322,COM00489.00,2019,F.coc,,549000000,,,det_1135,
323,COM00490.00,2018,O.Au,Me.Ag,1400000,15.308742490200002,12,det_2841,
324,COM00490.00,2018,O.Au,Me.Au,1400000,10.4893235581,8.1,det_2841,
325,COM00491.00,2018,O.Al,Me.Al2O3,142000000,,,det_1065,
326,COM00492.00,2018,O.Au,Me.Au,124921568.62745097,97.83364844862746,0.86,det_2833,
327,COM00495.00,2012,O.Au,Me.Au,34795000,0.0015308742420000001,52.90021016058,det_2708,
328,COM00499.00,2019,F.coal,,20000000,,,det_1426,4.5% - 6.0% moisture basis
329,COM00501.00,2020,F.stc,,21100000,,,det_1115,18.1+3
330,COM00502.00,2016,F.coc,,6900000,,,det_1673,
331,COM00505.00,2020,F.coc,,78800000,,,det_1115,
332,COM00507.00,2019,O.bulk,Me.Ag,739000,14.1747615,21,det_1468,
333,COM00507.00,2019,O.bulk,Me.Au,739000,3.6570884670000003,5.4,det_1468,
334,COM00508.00,2017,O.bulk,Me.Au,22500000,,,det_2859,
335,COM00508.00,2017,O.bulk,Me.Cu,22500000,,,det_2859,
336,COM00509.00,2019,O.Al,Me.Al2O3,41680000,,,det_1274,
337,COM00509.00,2019,O.Al,Nm.SiO2,41680000,,,det_1274,
338,COM00512.00,2020,F.coal,,35000000,,,det_1542,
339,COM00513.00,2019,F.coal,,42000000,,,det_1515,
340,COM00514.00,2010,F.coal,,7892639.999999999,,,det_1406,
341,COM00515.00,2017,F.coal,,142000000,,,det_1065,
342,COM00516.00,2019,O.Au,Me.Au,47500000,80.79614092050001,1.8725263157894736,det_1359,
343,COM00517.00,2020,O.Au,Me.Au,1023000,4.25242845,4.6,det_1494,
344,COM00518.00,2018,O.Fe,Me.Fe,24000000,,,det_1067,
345,COM00519.00,2018,O.Fe,Me.Fe,43000000,,,det_1067,
346,COM00520.00,2018,O.Fe,Me.Fe,2436000000,,,det_1067,Includes Nammuldi 
347,COM00521.00,2019,F.coal,,485442720,,,det_1411,
348,COM00526.00,2017,F.sbc,,11614881.600000001,,,det_1427,
349,COM00527.00,2013,F.stc,,18960480,,,det_1403,
350,COM00529.00,2018,O.Au,Me.Au,24102000,54.544482252,2.48,det_1035,
351,COM00530.00,2019,,Me.Mo,67000000,,,det_1167,
352,COM00531.00,2007,O.Au,Me.Au,626000,4.195729404000001,6.69048745868,det_1041,
353,COM00532.00,2018,O.Fe,Me.Fe,207200000,,,det_1371,
354,COM00534.00,2019,O.Fe,Me.Fe,131000000,,,det_1218,
355,COM00538.00,2018,O.Cu,Me.Cu,535500000,,,det_1602,
356,COM00538.00,2018,O.Cu,Me.Mo,535500000,,,det_1602,
357,COM00541.00,2019,O.bulk,Me.Fe,878000,,,det_1447,
358,COM00541.00,2019,O.bulk,Me.Ni,878000,12630,14400,det_1447,
359,COM00541.00,2019,O.Fe,Me.Fe,2472000,,,det_1447,
360,COM00541.00,2019,O.Fe,Me.Ni,2472000,25200,10200,det_1447,
361,COM00543.00,2003,O.Au,Me.Au,340000,1.559223765,5.52815701035,det_1044,
362,COM00544.00,2018,O.Fe,Me.Fe,321000000,,,det_1067,
363,COM00545.00,2019,F.coal,,12610080,,,det_1411,
364,COM00547.00,2019,O.bulk,Me.Ag,9900000,,,det_1380,
365,COM00547.00,2019,O.bulk,Me.Cu,9900000,,,det_1380,
366,COM00547.00,2019,O.bulk,Me.Pb,9900000,,,det_1380,
367,COM00547.00,2019,O.bulk,Me.Zn,9900000,,,det_1380,
368,COM00548.00,2019,O.Al,Me.Al2O3,3530000,,,det_1274,
369,COM00548.00,2019,O.Al,Nm.SiO2,3530000,,,det_1274,
370,COM00551.00,2020,F.coal,,900000000,,,det_1486,
371,COM00553.00,2018,O.Au,Me.Au,39130000,46.2097227019,1.3,det_2833,
372,COM00554.00,2019,F.coal,,16000000,,,det_1147,
373,COM00554.00,2019,F.stc,,114000000,,,det_1147,
374,COM00558.00,2019,O.bulk,O.FeTiO3,144000000,,,det_2860,
375,COM00558.00,2019,O.bulk,O.TiO2,144000000,,,det_2860,
376,COM00558.00,2019,O.bulk,O.Zr,144000000,,,det_2860,
377,COM00565.00,2020,F.coal,,249000000,,,det_1581,205+44
378,COM00569.00,2012,,,,,,det_1941,0.24*1867
379,COM00571.00,2013,F.coal,,55800000,,,det_1162,
380,COM00576.00,2018,O.Fe,Me.Fe,545000000,,,det_1067,Reserves at Iron Ore Company of Canada are reported as marketable product (60% pellets and 40% concentrate for sale) at a natural moisture content of 2%. The marketable product is derived from mined material comprising 580 million dry tonnes at 38.6% iron (Proved) and 718 million dry tonnes at 38.1% iron (Probable) using process recovery factors derived from current IOC concentrating and pellet operations.
381,COM00579.00,2013,F.coal,,10800000,,,det_1162,
382,COM00579.00,2020,F.coal,,49200000,,,det_1845,
383,COM00582.00,2020,F.stc,,27100000,,,det_1115,
384,COM00583.00,2019,O.Fe,Me.Fe,796200000,,,det_1159,
385,COM00585.00,2019,F.coc,,18688320,,,det_1415,
386,COM00586.00,2018,O.Cu,Me.Cu,27112000,646006.253354,23830,det_1035,
387,COM00587.00,2019,O.bulk,O.FeTiO3,87000000,,,det_2860,
388,COM00587.00,2019,O.bulk,O.TiO2,87000000,,,det_2860,
389,COM00587.00,2019,O.bulk,O.Zr,87000000,,,det_2860,
390,COM00588.00,2019,O.Au,Me.Au,34176000,70.675360839,2.27,det_1917,
391,COM00590.00,2020,O.Au,Me.Au,796000,,,det_2785,
392,COM00592.00,2002,O.Au,Me.Au,2285714.285714286,16.199727502857147,8.08,det_2854,
393,COM00595.00,2019,O.Al,Me.Al2O3,240000,,,det_1274,
394,COM00595.00,2019,O.Al,Nm.SiO2,240000,,,det_1274,
395,COM00603.00,2019,O.bulk,Me.Ag,255097,,,det_1631,
396,COM00603.00,2019,O.bulk,Me.Au,255097,,,det_1631,
397,COM00603.00,2019,O.bulk,Me.Cu,255097,,,det_1631,
398,COM00603.00,2019,O.bulk,Me.Pb,255097,,,det_1631,
399,COM00604.00,2007,O.Au,Me.Ag,115555.55555555555,18.93118147,179.6,det_2861,
400,COM00604.00,2007,O.Au,Me.Au,115555.55555555555,1.73247085,16.6,det_2861,
401,COM00605.00,2013,O.Au,Me.Au,3300000,11.623304430000001,3.51534086812,det_1012,
402,COM00605.00,2020,O.Au,Me.Au,16868000,57.379434552000006,3.7,det_2862,
403,COM00607.00,2019,O.Al,Me.Al2O3,98900000,,,det_1270,43.4 (probable) + 55.5 (proven)
404,COM00607.00,2019,O.Al,Nm.SiO2,98900000,,,det_1270,43.4 (probable) + 55.5 (proven)
405,COM00611.00,2017,O.Au,Me.Au,218400000,219.42530802000002,1.0030331278852382,det_2839,
406,COM00615.00,2020,F.stc,,1300000,,,det_1546,
407,COM00617.00,2013,O.Au,Me.Au,2884000,11.566605384,3.9972827613299993,det_1037,
408,COM00617.00,2020,O.Au,Me.Au,8249000,20.553404175,2.7,det_2862,
409,COM00618.00,2017,O.bulk,Me.AsCu,1106400000,,,det_2863,
410,COM00618.00,2017,O.bulk,Me.Au,1153200000,,,det_2863,
411,COM00618.00,2017,O.bulk,Me.Cu,1153200000,,,det_2863,
412,COM00619.00,2019,F.coal,,50000000,,,det_1218,
413,COM00623.00,2020,O.Au,Me.Au,1074091,2.04326,2.1,det_2277,
414,COM00624.00,2019,O.bulk,Me.Co,124000000,,,det_2855,
415,COM00624.00,2019,O.bulk,Me.Cu,124000000,,,det_2855,
416,COM00625.00,2019,O.bulk,Me.Ag,4500000,,,det_1307,
417,COM00625.00,2019,O.bulk,Me.Pb,4500000,,,det_1307,
418,COM00625.00,2019,O.bulk,Me.Zn,4500000,,,det_1307,
419,COM00628.00,2019,O.Fe,Me.Fe,333849600,,,det_1977,Recoverable tons mean the tons of product that can be used internally or delivered to a customer after considering mining and beneficiation or preparation losses
420,COM00630.00,2018,F.sbc,,68412859.2,,,det_1431,
421,COM00631.00,2019,O.Au,Me.Au,1677000,10.375925418000001,6.18019604234,det_1477,
422,COM00633.00,2017,F.coal,,146000000,,,det_1065,
423,COM00633.00,2019,F.coal,,144600000,,,det_1508,
424,COM00634.00,2016,O.Au,Me.Au,90000,0.7087380750000001,8.4,det_2864,
425,COM00635.00,2018,O.bulk,Me.Au,128600000,,,det_1124,Proven ; Probable
426,COM00635.00,2018,O.bulk,Me.Co,128600000,,,det_1124,Proven ; Probable
427,COM00635.00,2018,O.bulk,Me.Cu,128600000,,,det_1124,Proven ; Probable
428,COM00635.00,2018,O.bulk,Me.Ni,128600000,,,det_1124,Proven ; Probable
429,COM00635.00,2018,O.bulk,Me.Pd,128600000,,,det_1124,Proven ; Probable
430,COM00635.00,2018,O.bulk,Me.Pt,128600000,,,det_1124,Proven ; Probable
431,COM00638.00,2019,O.Fe,Me.Fe,439480000,,,det_1265,
432,COM00639.00,2019,F.stc,,47200000,,,det_1147,
433,COM00642.00,2018,O.Au,Me.Au,62711111.11111111,236.24602608333333,4.13,det_2833,
434,COM00644.00,2018,F.coal,,535000000,,,det_2422,
435,COM00646.00,2020,F.coal,,144600000,,,det_1528,= 57.4 + 87.2
436,COM00648.00,2019,O.Cu,Me.Cu,5700000,326000,57000,det_1449,
437,COM00649.00,2018,O.Cu,Me.Cu,23700000,,,det_2852,
438,COM00651.00,2018,O.Cu,Me.Cu,45300000,553000,13000,det_2316,
439,COM00652.00,2019,O.Fe,Me.Fe,616000000,,,det_2865,
440,COM00655.00,2019,O.Au,Me.Au,28925000,116.119646208,4.4,det_1632,
441,COM00656.00,2019,F.stc,,247000000,,,det_1147,
442,COM00657.00,2018,O.Au,Me.Au,32800000,158.24703811166,5.267987804878048,det_1093,
443,COM00659.00,2010,F.coal,,16420320.000000002,,,det_1406,
444,COM00661.00,2018,O.Fe,Me.Fe,188200000,,,det_1104,
445,COM00662.00,2018,O.Cu,Me.Cu,,639643,48000,det_1332,
446,COM00664.00,2019,O.Ni,Me.Ni,41800000,,,det_2855,
447,COM00665.00,2020,O.Fe,Me.Al2O3,18700000,,,det_1502,
448,COM00665.00,2020,O.Fe,Me.Fe,18700000,,,det_1502,
449,COM00665.00,2020,O.Fe,Nm.SiO2,18700000,,,det_1502,
450,COM00665.00,2020,O.Fe,,18700000,,,det_1502,
451,COM00668.00,2017,O.Au,Me.Au,2089999.9999999998,10.2058283268,5.39,det_2866,
452,COM00668.00,2017,O.Au,Me.U,2089999.9999999998,707.6040972000001,340,det_2866,
453,COM00670.00,2020,O.Fe,Me.Fe,126708000,,,det_1561,
454,COM00672.00,2020,F.coc,,277000000,,,det_1568,
455,COM00675.00,2012,F.coal,,470250000,,,det_1941,627*0.75
456,COM00676.00,2020,F.coal,,183961000,,,det_1561,
457,COM00680.00,2018,O.pgm,Me.pgm,73600000,188.69442595328002,2.8,det_1093,
458,COM00681.00,2019,O.Fe,Me.Fe,636000000,,,det_1218,
459,COM00684.00,2018,O.Au,Me.Ag,5100000,428.13449634600005,92.1,det_2836,
460,COM00684.00,2018,O.Au,Me.Au,5100000,38.83884651,8.4,det_2836,
461,COM00689.00,2018,O.bulk,Me.Au,1300000,,,det_1124,Proven ; Probable
462,COM00689.00,2018,O.bulk,Me.Co,1300000,,,det_1124,Proven ; Probable
463,COM00689.00,2018,O.bulk,Me.Cu,1300000,,,det_1124,Proven ; Probable
464,COM00689.00,2018,O.bulk,Me.Ni,1300000,,,det_1124,Proven ; Probable
465,COM00689.00,2018,O.bulk,Me.Zn,1300000,,,det_1124,Proven ; Probable
466,COM00690.00,2018,O.bulk,Me.Zn,,732877,98200,det_1332,
467,COM00693.00,2018,O.sul,Me.Cu,3243851000,,,det_2840,
468,COM00693.00,2018,O.sul,Me.Mo,3243851000,,,det_2840,
469,COM00694.00,2018,O.Au,Me.Ag,15689000,1031.327297217,72.1,det_2836,
470,COM00694.00,2018,O.Au,Me.Au,15689000,23.955346935,1.7,det_2836,
471,COM00695.00,2019,O.bulk,Me.Ag,9000000,,,det_1380,
472,COM00695.00,2019,O.bulk,Me.Au,9000000,,,det_1380,
473,COM00695.00,2019,O.bulk,Me.Pb,9000000,,,det_1380,
474,COM00695.00,2019,O.bulk,Me.Zn,9000000,,,det_1380,
475,COM00696.00,2019,O.bulk,Me.Ag,20432000,48.732830037,2.62,det_1632,
476,COM00696.00,2019,O.bulk,Me.Au,20432000,13.891266270000001,0.75,det_1632,
477,COM00697.00,2018,O.Fe,Me.Fe,21900000,,,det_1371,
478,COM00698.00,2013,O.Au,Me.Au,18534299.105240732,10.267189838091182,0.59533998573,det_1012,
479,COM00698.00,2019,O.bulk,Me.Ag,560177,,,det_1631,
480,COM00698.00,2019,O.bulk,Me.Au,560177,,,det_1631,
481,COM00699.00,2018,O.Au,Me.Ag,44886000,253.44473562000002,6.19,det_1035,
482,COM00699.00,2018,O.Au,Me.Au,44886000,112.03731489600001,2.74,det_1035,
483,COM00701.00,2019,O.bulk,Me.Ag,13675000,,,det_2832,
484,COM00701.00,2019,O.bulk,Me.Au,13675000,,,det_2832,
485,COM00701.00,2019,O.bulk,Me.Cu,13675000,,,det_2832,
486,COM00701.00,2019,O.bulk,Me.Zn,13675000,,,det_2832,
487,COM00707.00,2019,O.bulk,Me.Ag,14920000,249.305705262,18.33,det_1632,
488,COM00707.00,2019,O.bulk,Me.Au,14920000,81.873422424,6.02,det_1632,
489,COM00707.00,2019,O.bulk,Me.Cu,14920000,1109.912174973,2600,det_1632,
490,COM00707.00,2019,O.bulk,Me.Zn,14920000,3391.623533628,8000,det_1632,
491,COM00708.00,2018,O.bulk,Me.Ag,1047300000,,,det_2852,
492,COM00708.00,2018,O.bulk,Me.Au,1045000000,,,det_2852,
493,COM00708.00,2018,O.bulk,Me.Cu,1047300000,,,det_2852,
494,COM00708.00,2018,O.bulk,Me.Mo,1047300000,,,det_2852,
495,COM00711.00,2019,F.coal,,77000000,,,det_1515,
496,COM00712.00,2012,O.Au,Me.Au,2963000,10.971265401,3.7137875300300003,det_2708,
497,COM00715.00,2019,F.coc,,43817760,,,det_1399,
498,COM00716.00,2019,F.coc,,39191040,,,det_1399,
499,COM00719.00,2019,O.Ni,Me.Ni,9400000,,,det_1135,
500,COM00721.00,2020,O.Au,Me.Au,45783000,96.70022295300001,2.3273463949500908,det_3311,
501,COM00725.00,2018,O.Au,Me.Au,330000000,680.3885551200001,2.3,det_2841,
502,COM00729.00,2009,O.bulk,Me.Pb,7000000,,,det_2838,
503,COM00729.00,2009,O.bulk,Me.Zn,7000000,,,det_2838,
504,COM00732.00,2019,O.Fe,Me.Fe,394000000,,,det_2865,
505,COM00733.00,2012,O.Au,Me.Au,164230000,170.890924644,1.14,det_2857,
506,COM00736.00,2011,O.Ni,Me.Ni,4600000,,,det_2843,
507,COM00738.00,2016,F.coal,,8618400,,,det_1402,
508,COM00739.00,2017,O.Au,Me.Au,21600000,30.333989610000003,1.38912663337,det_2839,
509,COM00744.00,2018,O.Cu,Me.Cu,2053900000,9489000,4591.917814888749,det_1104,
510,COM00745.00,2020,O.Fe,Me.Fe,407800000,,,det_1369,
511,COM00747.00,2019,O.Cu,Me.Au,1072000000,,,det_1173,
512,COM00747.00,2019,O.Cu,Me.Cu,1072000000,,,det_1173,
513,COM00747.00,2019,O.Cu,Me.Mo,1072000000,,,det_1173,
514,COM00748.00,2018,O.Au,Me.Au,,238.13599429200002,,det_2867,
515,COM00751.00,2016,O.Cu,Me.Cu,45400000,,,det_1160,
516,COM00754.00,2018,O.Cu,Me.Cu,374596000,2062756.6618120002,5510,det_1035,
517,COM00755.00,2019,O.Al,Me.Al2O3,2530000,,,det_1274,
518,COM00755.00,2019,O.Al,Nm.SiO2,2530000,,,det_1274,
519,COM00758.00,2019,O.Au,Me.Au,34620000,31.184475443,0.98683997689197,det_1359,
520,COM00759.00,2020,F.stc,,35900000,,,det_1115,
521,COM00762.00,2019,O.Al,Me.Al2O3,5220000,,,det_1307,
522,COM00762.00,2019,O.Al,Nm.SiO2,5220000,,,det_1307,
523,COM00763.00,2017,O.bulk,Me.Ag,192890,,,det_2026,
524,COM00763.00,2017,O.bulk,Me.Au,192890,,,det_2026,
525,COM00763.00,2017,O.bulk,Me.Pb,192890,,,det_2026,
526,COM00763.00,2017,O.bulk,Me.Zn,192890,,,det_2026,
527,COM00769.00,2014,O.Cu,Me.Cu,99800000,,,det_1114,
528,COM00770.00,2014,O.Cu,Me.Cu,91800000,,,det_1114,
529,COM00771.00,2018,O.Fe,Me.Fe,300000,,,det_1371,
530,COM00773.00,2019,O.bulk,Me.Ag,34503283,,,det_1631,
531,COM00773.00,2019,O.bulk,Me.Au,34503283,,,det_1631,
532,COM00773.00,2019,O.bulk,Me.Cu,34503283,,,det_1631,
533,COM00774.00,2019,O.Fe,Me.Fe,3096300000,,,det_1159,
534,COM00775.00,2012,O.Au,Me.Au,185584000,122.271492699,0.72,det_2857,
535,COM00776.00,2012,O.Au,Me.Au,324803480.3480348,0.13949360252025203,0.4252428469500001,det_2708,
536,COM00776.00,2019,O.Au,Me.Au,228763000,102.34177803,0.49,det_1387,
537,COM00778.00,2019,F.coal,,17418240,,,det_1373,
538,COM00779.00,2020,O.Au,Me.Ag,,935.53426329,,det_1538,
539,COM00779.00,2020,O.Au,Me.Au,,121.902949459,,det_1538,
540,COM00783.00,2020,F.coal,,450000000,,,det_1542,
541,COM00784.00,2019,F.coal,,14061600,,,det_1411,
542,COM00785.00,2019,O.bulk,Me.Ag,98000000,,,det_2855,
543,COM00785.00,2019,O.bulk,Me.Pb,98000000,,,det_2855,
544,COM00785.00,2019,O.bulk,Me.Zn,98000000,,,det_2855,
545,COM00786.00,2019,O.Au,Me.Au,26112000,94.12041636000001,3.96,det_1632,
546,COM00787.00,2018,O.Au,Me.Au,292279000,209.077732125,0.7800000000000001,det_1126,
547,COM00789.00,2019,O.Au,Me.Au,20749000,115.29751004100001,6.1,det_1632,
548,COM00791.00,2017,O.Au,Me.Au,148800000,150.06347508000002,1.02058283268,det_2839,
549,COM00793.00,2019,F.coal,,85400000,,,det_1508,
550,COM00794.00,2019,F.coc,,9979200,,,det_2144,
551,COM00795.00,2019,F.coal,,12156480,,,det_1411,
552,COM00801.00,2019,O.Al,Me.Al2O3,2600000,,,det_1274,
553,COM00801.00,2019,O.Al,Nm.SiO2,2600000,,,det_1274,
554,COM00802.00,2018,O.bulk,Me.Zn,,1469829,23900,det_1332,
555,COM00803.00,2018,F.stc,,76000000,,,det_1371,
556,COM00805.00,2013,O.bulk,Me.Ag,250000,79.94565486,325.45252553240005,det_1012,
557,COM00805.00,2013,O.bulk,Me.Au,250000,0.8504856900000001,2.6365056510900002,det_1012,
558,COM00806.00,2019,F.stc,,422100000,,,det_1147,
559,COM00807.00,2015,O.Fe,Me.Fe,61900000,,,det_2868,
560,COM00807.00,2015,O.Fe,Nm.SiO2,61900000,,,det_2868,
561,COM00808.00,2019,F.coc,,39916800,,,det_2144,
562,COM00816.00,2018,O.pgm,Me.pgm,610800000,2191.3614389027402,3.8999999999999995,det_1093,
563,COM00817.00,2018,F.coal,,188500000,,,det_1371,
564,COM00818.00,2019,O.Fe,Me.Fe,769000000,,,det_1159,
565,COM00820.00,2018,O.Fe,Me.Fe,3180700000,,,det_1104,
566,COM00822.00,2019,O.bulk,Me.Ag,4709000,88.592259375,20.6,det_1917,
567,COM00822.00,2019,O.bulk,Me.Au,4709000,12.75728535,2.98,det_1917,
568,COM00822.00,2019,O.bulk,Me.Zn,4709000,0.049441528,10500,det_1917,
569,COM00824.00,2018,O.bulk,Me.Cu,185000000,1700000,9100,det_1171,
570,COM00825.00,2019,O.Fe,Me.Fe,375580800,,,det_1977,Recoverable tons mean the tons of product that can be used internally or delivered to a customer after considering mining and beneficiation or preparation losses
571,COM00826.00,2019,O.Fe,Me.Fe,130000000,,,det_1218,
572,COM00827.00,2019,O.bulk,Me.Ag,2363000,11.90679966,5.999999999999999,det_1892,
573,COM00827.00,2019,O.bulk,Me.Au,2363000,1.275728535,0.6,det_1892,
574,COM00827.00,2019,O.bulk,Me.Cu,2363000,40000,16800,det_1892,
575,COM00828.00,2019,M.lat,Me.Co,51100000,66800,1300,det_1432,
576,COM00828.00,2019,M.lat,Me.Ni,51100000,595100,11600,det_1432,
577,COM00829.00,2017,O.Au,Me.Au,17630000,138.0621776431,8.6,det_2866,
578,COM00829.00,2017,O.Au,Me.U,17630000,5488.467677,310,det_2866,
579,COM00830.00,2019,F.coal,,913800000,,,det_1159,
580,COM00831.00,2019,O.pgm,Me.pgm,47160000,186.53986219540002,4.34,det_1265,
581,COM00832.00,2018,O.pgm,Me.pgm,1200300000,3345.2437293400003,3.06,det_1103,
582,COM00834.00,2019,O.Fe,Me.Fe,2405000000,,,det_1218,
583,COM00836.00,2020,F.stc,,263000000,,,det_1486,
584,COM00837.00,2019,F.coc,,9979200,,,det_2144,
585,COM00838.00,2019,O.Cu,Me.Cu,1410000,,,det_2855,
586,COM00839.00,2020,F.coc,,139100000,,,det_1115,
587,COM00840.00,2019,O.Cu,Me.Cu,4435000000,,,det_1167,
588,COM00840.00,2019,O.Cu,Me.Mo,939000000,,,det_1167,
589,COM00841.00,2018,O.Au,Me.Au,6550000,8.2213617077,0.67,det_3482, NA
590,COM00842.00,2019,O.bulk,Me.Ag,6825568.797399783,,,det_1380,
591,COM00842.00,2019,O.bulk,Me.Cu,6825568.797399783,,,det_1380,
592,COM00842.00,2019,O.bulk,Me.Pb,6825568.797399783,,,det_1380,
593,COM00842.00,2019,O.bulk,Me.Zn,6825568.797399783,,,det_1380,
594,COM00844.00,2019,O.Mn,Me.Mn,8300000.000000001,,,det_1159,
595,COM00847.00,2002,O.Au,Me.Au,7400000,48.194189321,7.27,det_2870,
596,COM00850.00,2019,F.stc,,591000000,,,det_1135,
597,COM00853.00,2019,O.Ni,Me.Ni,96400000,,,det_1135,
598,COM00855.00,2020,O.Au,Me.Au,5873000,15.053596713000001,2.8,det_1500,
599,COM00858.00,2019,F.coc,,19414080,,,det_1399,
600,COM00860.00,2017,O.Au,Me.Au,38710000,344.7302012608,9.77,det_2866,
601,COM00860.00,2018,O.Au,Me.Au,36470000,330.27194446450005,9.93,det_2833,
602,COM00861.00,2018,O.Al,Me.Al2O3,48000000,,,det_1065,
603,COM00862.00,2019,O.Li,Me.Li2O,8199999.999999999,,,det_1470,
604,COM00864.00,2020,O.Au,Me.Au,10810000,23.014,2.0888991674375577,det_1495,
605,COM00865.00,2020,O.bulk,Me.Ag,7586000,7711100000,42,det_2219,
606,COM00865.00,2020,O.bulk,Me.Au,7586000,458400000,2,det_2219,
607,COM00867.00,2010,F.coal,,816480,,,det_1406,
608,COM00870.00,2014,O.dig,Nm.dia,4000000,,,det_1066,
609,COM00872.00,2019,O.bulk,Me.Co,41400000,,,det_2855,
610,COM00872.00,2019,O.bulk,Me.Ni,41400000,,,det_2855,
611,COM00874.00,2006,O.Au,Me.Au,8686520.376175549,50.21153760188088,6.339999999999999,det_2871,
612,COM00874.00,2019,O.Au,Me.Au,10900000,59.25050307,5.386409394699999,det_1151,
613,COM00876.00,2019,O.bulk,Me.Co,130000000,,,det_2855,
614,COM00876.00,2019,O.bulk,Me.Cu,130000000,,,det_2855,
615,COM00879.00,2007,O.bulk,O.FeTiO3,326800000,,,det_2872,
616,COM00879.00,2007,O.bulk,O.TiO2,326800000,,,det_2872,
617,COM00879.00,2007,O.bulk,O.Zr,326800000,,,det_2872,
618,COM00882.00,2019,O.Al,Me.Al2O3,14190000,,,det_1274,
619,COM00882.00,2019,O.Al,Nm.SiO2,14190000,,,det_1274,
620,COM00885.00,2020,F.coal,,223000000,,,det_1542,
621,COM00886.00,2013,O.Au,Me.Au,46340000,54.431084409600004,1.29,det_2851,
622,COM00889.00,2019,O.bulk,Me.Ag,27917000,15308.7424902,64,det_2842,
623,COM00889.00,2019,O.bulk,Me.Cu,27917000,98000,3000,det_2842,
624,COM00889.00,2019,O.bulk,Me.Pb,27917000,540000,18000,det_2842,
625,COM00889.00,2019,O.bulk,Me.Zn,27917000,2214000,75000,det_2842,
626,COM00890.00,2020,F.stc,,47500000,,,det_1546,
627,COM00892.00,2018,F.obc,,3640593.6,,,det_1431,
628,COM00899.00,2020,O.Cu,Me.Cu,,151000,,det_1437,
629,COM00903.00,2018,O.Ni,Me.Ni,8300000.000000001,105000,12600,det_1103,
630,COM00904.00,2019,O.Cr,Me.Cr2O3,1840000,,,det_1265,
631,COM00904.00,2019,O.Ni,Me.Ni,7590000,,,det_1265,
632,COM00906.00,2018,O.Au,Me.Au,33914000,16.357674771,0.53,det_1126,
633,COM00909.00,2019,O.bulk,Me.Au,84682000,0.680388552,0.01,det_1201,
634,COM00909.00,2019,O.bulk,Me.Cu,84682000,256000,3000,det_1201,
635,COM00909.00,2019,O.bulk,Me.Ni,84682000,524000,6200,det_1201,
636,COM00909.00,2019,O.bulk,Me.Pd,84682000,2.211262794,0.03,det_1201,
637,COM00909.00,2019,O.bulk,Me.Pt,84682000,1.445825673,0.02,det_1201,
638,COM00910.00,2019,O.bulk,Me.Au,672815000,147.41751960000002,0.23999999999999996,det_1201,
639,COM00910.00,2019,O.bulk,Me.Cu,672815000,11598000,17200,det_1201,
640,COM00910.00,2019,O.bulk,Me.Ni,672815000,6176000,9200,det_1201,
641,COM00910.00,2019,O.bulk,Me.Pd,672815000,2568.041540955,4.19,det_1201,
642,COM00910.00,2019,O.bulk,Me.Pt,672815000,679.453017741,1.11,det_1201,
643,COM00911.00,2018,O.Au,Me.Ag,1197602000,1663.7201067780002,1.52,det_1035,
644,COM00911.00,2018,O.Au,Me.Au,1197602000,659.013011658,0.6,det_1035,
645,COM00911.00,2018,O.Au,Me.Cu,598801000,,,det_1035,
646,COM00912.00,2019,F.stc,,1460592000,,,det_2144,
647,COM00913.00,2020,F.stc,,48200000,,,det_1546,
648,COM00915.00,2019,F.coc,,74390400,,,det_2144,
649,COM00916.00,2018,O.Au,Me.Au,26248826.29107981,61.88980373239437,2.5899999999999994,det_1035,
650,COM00919.00,2012,O.Fe,Me.Fe,709460000,,,det_1941,0.38*1867
651,COM00920.00,2020,O.Au,Me.Au,2177000,8.193012147000001,4.1,det_2862,
652,COM00923.00,2019,O.Fe,Me.Fe,829094352,,,det_1233,Process recovery [Metallurgical recovery] includes all factors for converting crude ore tonnage to a saleable product.  Saleable product is a standard pellet containing 65 to 66% Fe.  Saleable product is reported on a dry basis. Shipped products typically contain 1 to 4% moisture.
653,COM00924.00,2019,F.coc,,229000000,,,det_1135,
654,COM00927.00,2018,O.bulk,Me.Au,576700000,,,det_1602,
655,COM00927.00,2018,O.bulk,Me.Cu,2028800000,,,det_1602,
656,COM00927.00,2018,O.bulk,Me.Mo,1452100000,,,det_1602,
657,COM00932.00,2018,O.Au,Me.Au,20280000,166.01480744928,9,det_2833,
658,COM00934.00,2019,O.bulk,Me.Au,216000000,,,det_1879,
659,COM00934.00,2019,O.bulk,Me.Cu,216000000,,,det_1879,
660,COM00937.00,2019,O.bulk,Me.Ag,561000000,,,det_1135,
661,COM00937.00,2019,O.bulk,Me.Au,561000000,,,det_1135,
662,COM00937.00,2019,O.bulk,Me.Cu,561000000,,,det_1135,
663,COM00937.00,2019,O.bulk,Me.U,561000000,,,det_1135,
664,COM00938.00,2020,F.coal,,87867000,,,det_1561,
665,COM00939.00,2020,F.coal,,20000000,,,det_1512,
666,COM00940.00,2019,O.Ni,Me.Ni,113300000,,,det_1159,
667,COM00942.00,2019,O.bulk,Me.Ag,626276,,,det_1631,
668,COM00942.00,2019,O.bulk,Me.Au,626276,,,det_1631,
669,COM00944.00,2007,O.Au,Me.Au,4181000,2.324660886,0.5669904626000001,det_1041,
670,COM00949.00,2018,O.bulk,Me.Au,2860000000,,,det_1065,
671,COM00949.00,2018,O.bulk,Me.Cu,1430000000,,,det_1065,
672,COM00950.00,2018,O.Au,Me.Au,,31.339000000000002,1.55,det_1332,
673,COM00952.00,2017,F.sbc,,16394011.200000001,,,det_1427,
674,COM00954.00,2019,O.bulk,Me.Ag,11669000,1431.424115316,122.7534351529,det_1477,
675,COM00954.00,2019,O.bulk,Me.Au,11669000,19.646219439,1.67262186467,det_1477,
676,COM00955.00,2019,O.Cu,Me.Cu,1578000000,,,det_1135,
677,COM00959.00,2018,O.Au,Me.Au,590628000,225.038513574,0.4,det_2836,
678,COM00962.00,2019,O.Fe,Me.Fe,621500000,,,det_1159,
679,COM00963.00,2016,O.Au,Me.Ag,277870000,17202.4905564,67.92,det_1045,
680,COM00963.00,2016,O.Au,Me.Au,277870000,398.31079815000004,1.57,det_1045,
681,COM00963.00,2016,O.Au,Me.Cu,277870000,229200.224561,820,det_1045,
682,COM00965.00,2016,F.coal,,47537280,,,det_2162,
683,COM00966.00,2020,O.Au,Me.Au,281000,1.190679966,4.6,det_2862,
684,COM00969.00,2019,F.coal,,718000000,,,det_1135,
685,COM00970.00,2019,O.Fe,Me.Fe,201000000,,,det_1218,
686,COM00971.00,2019,O.Au,Me.Au,486800000,229.06414584,0.4819418932100001,det_1151,
687,COM00972.00,2018,O.bulk,Me.Pb,400000,,,det_1602,
688,COM00972.00,2018,O.bulk,Me.Zn,400000,,,det_1602,
689,COM00973.00,2019,O.Au,Me.Au,14800000,11.566605384,14.8,det_2791,
690,COM00974.00,2019,F.coc,,607279680,,,det_1415,
691,COM00975.00,2020,F.coal,,280000000,,,det_1512,
692,COM00977.00,2019,F.coal,,21000000,,,det_1519,
693,COM00981.00,2017,O.bulk,Me.Ag,249900000,1725.9189602400002,6.8038855512000005,det_2839,
694,COM00981.00,2017,O.bulk,Me.Au,253600000,114.81556815,0.44986981834408124,det_2839,
695,COM00981.00,2017,O.bulk,Me.Cu,394700000,603277.8521,,det_2839,
696,COM00982.00,2008,O.Au,Me.Ag,29182000,188.58102699600002,6.5203903199000015,det_2712,
697,COM00982.00,2008,O.Au,Me.Au,29182000,19.362724209,0.65203903199,det_2712,
698,COM00983.00,2018,O.sul,Me.Cu,44473000,,,det_2840,
699,COM00984.00,2019,O.Al,Me.Al2O3,2920000,,,det_1274,
700,COM00984.00,2019,O.Al,Nm.SiO2,2920000,,,det_1274,
701,COM00986.00,2019,O.Al,Me.Al2O3,80080000,,,det_1274,
702,COM00986.00,2019,O.Al,Nm.SiO2,80080000,,,det_1274,
703,COM00990.00,2019,O.bulk,Me.Ag,15215000,737.115947523,53.149116661189616,det_1632,
704,COM00990.00,2019,O.bulk,Me.Au,15215000,28.859814414000002,2.081422280644101,det_1632,
705,COM00991.00,2019,O.bulk,Me.Cu,399000000,1240000,3100,det_2850,
706,COM00991.00,2019,O.bulk,Me.Mo,399000000,25000,60,det_2850,
707,COM00992.00,2019,F.coal,,54671869,,,det_2448,
708,COM00993.00,2018,F.obc,,3285878.4000000004,,,det_1431,
709,COM00995.00,2013,O.Au,Me.Au,488000,3.713787513,7.597672198840001,det_1037,
710,COM00996.00,2019,O.Al,Me.Al2O3,1100000,,,det_1270,0.1 (probable) + 1 (proven)
711,COM00996.00,2019,O.Al,Nm.SiO2,1100000,,,det_1270,0.1 (probable) + 1 (proven)
712,COM00997.00,2020,O.Au,Me.Au,5867000,42.836129253,8,det_2862,
713,COM00999.00,2019,F.coc,,61000000,,,det_1135,
714,COM01005.00,2017,F.lig,,40824907.2,,,det_1427,
715,COM01006.00,2013,O.bulk,Me.Ag,107600,,,det_1343,
716,COM01006.00,2013,O.bulk,Me.Au,107600,,,det_1343,
717,COM01007.00,2006,O.Au,Me.Au,61569387.75510204,98.87619348367348,1.76,det_2871,
718,COM01007.00,2019,O.bulk,Me.Au,54300000,79.94565486,1.461958281190166,det_1151,
719,COM01008.00,2018,O.Au,Me.Au,27882105.263157897,125.3347332631579,4.93,det_1035,
720,COM01012.00,2019,O.Fe,Me.Fe,12000000,,,det_1218,
721,COM01013.00,2019,F.coal,,52000000,,,det_1218,
722,COM01015.00,2019,O.bulk,Me.Ag,56000000,124.73790177200001,2.2607142857142857,det_2873,
723,COM01015.00,2019,O.bulk,Me.Au,56000000,33.73593237,0.6678571428571428,det_2873,
724,COM01015.00,2019,O.bulk,Me.Cu,56000000,473000,8785.714285714286,det_2873,
725,COM01016.00,2019,F.coal,,821000000,,,det_1508,
726,COM01017.00,2019,F.coal,,45000000,,,det_1537,
727,COM01020.00,2018,F.coal,,305140000,,,det_1516,
728,COM01022.00,2020,F.coal,,189900000,,,det_1528,
729,COM01023.00,2020,F.coal,,900000,,,det_1512,
730,COM01025.00,2020,F.coal,,146000000,,,det_1531,
731,COM01026.00,2020,F.coal,,693900000,,,det_1528,
732,COM01028.00,2019,O.Ni,,19634877,,,det_1525, 8.874.134 + 1.804.918
733,COM01030.00,2020,F.coal,,37800000,,,det_1531,
734,COM01031.00,2019,F.coal,,13100000,,,det_1537,
735,COM01032.00,2020,F.coal,,162960000,,,det_2478,
736,COM01033.00,2020,F.coal,,114600000,,,det_1512,= 0.0046 + 0.11
737,COM01034.00,2020,F.coal,,9000000,,,det_1531,
738,COM01036.00,2019,F.coal,,1073000000,,,det_1510,
739,COM01038.00,2020,F.coal,,1800000,,,det_1531,
740,COM01039.00,2019,F.coal,,95300000,,,det_2875,
741,COM01041.00,2020,F.coal,,40600000,,,det_1514,
742,COM01042.00,2019,F.coal,,214000000,,,det_1508,
743,COM01043.00,2019,F.coal,,16000000,,,det_2875,
744,COM01046.00,2019,F.coal,,5800000,,,det_1537,
745,COM01046.00,2020,F.coal,,254000000,,,det_1538,
746,COM01047.00,2020,F.coal,,4500000,,,det_1528,
747,COM01048.00,2020,F.coal,,39200000,,,det_1531,
748,COM01052.00,2018,O.Au,Me.Ag,127901666.66666667,1986.92356866,17.04,det_1035,
749,COM01052.00,2018,O.Au,Me.Au,127901666.66666667,309.57679116,2.66,det_1035,
750,COM01053.00,2019,O.Au,Me.Ag,10377000,1409.25478833,149,det_1387,
751,COM01053.00,2019,O.Au,Me.Pb,10377000,117934.0162,11399.999999999998,det_1387,
752,COM01053.00,2019,O.Au,Me.Zn,10377000,48987.97596,4700,det_1387,
753,COM01055.00,2017,O.bulk,Me.Ag,2100000,,,det_2876,
754,COM01055.00,2017,O.bulk,Me.Au,2100000,,,det_2876,
755,COM01055.00,2017,O.bulk,Me.Cu,2100000,,,det_2876,
756,COM01055.00,2017,O.bulk,Me.Zn,2100000,,,det_2876,
757,COM01055.00,2017,O.bulk,Nm.S,2100000,,,det_2876,
758,COM01056.00,2018,O.bulk,Me.Ag,1400000000,,,det_1602,
759,COM01056.00,2018,O.bulk,Me.Cu,1424100000,,,det_1602,
760,COM01056.00,2018,O.bulk,Me.Mo,1400000000,,,det_1602,
761,COM01057.00,2018,O.Cu,Me.Cu,110143766.60061553,1323830.33910578,12100,det_2833,
762,COM01059.00,2014,O.Cu,Me.Cu,1332000000,,,det_1114,
763,COM01059.00,2014,O.Cu,Me.Mo,1332000000,,,det_1114,
764,COM01061.00,2019,O.bulk,Me.Ag,42700000,,,det_1307,
765,COM01061.00,2019,O.bulk,Me.Pb,42700000,,,det_1307,
766,COM01061.00,2019,O.bulk,Me.Zn,42700000,,,det_1307,
767,COM01062.00,2019,O.bulk,Me.Ag,35300000,,,det_1307,
768,COM01062.00,2019,O.bulk,Me.Pb,35300000,,,det_1307,
769,COM01062.00,2019,O.bulk,Me.Zn,35300000,,,det_1307,
770,COM01065.00,2010,F.coal,,17690400,,,det_1406,
771,COM01066.00,2017,O.bulk,Me.Ca,184600000,,,det_2877,
772,COM01066.00,2017,O.bulk,Me.Co,184600000,,,det_2877,
773,COM01066.00,2017,O.bulk,Me.Mg,184600000,,,det_2877,
774,COM01066.00,2017,O.bulk,Me.Ni,184600000,,,det_2877,
775,COM01067.00,2020,O.Au,Me.Au,,73.708760138,,det_1529,
776,COM01070.00,2019,F.stc,,223171200,,,det_2144,
777,COM01071.00,2013,O.bulk,Me.Ag,63594,,,det_1343,
778,COM01071.00,2013,O.bulk,Me.Pb,63594,,,det_1343,
779,COM01071.00,2013,O.bulk,Me.Zn,63594,,,det_1343,
780,COM01072.00,2018,O.bulk,Me.Ag,56000000,,,det_1602,
781,COM01072.00,2018,O.bulk,Me.Pb,56000000,,,det_1602,
782,COM01072.00,2018,O.bulk,Me.Zn,56000000,,,det_1602,
783,COM01073.00,2019,F.coal,,217728000,,,det_1373,
784,COM01074.00,2019,O.bulk,Me.Au,5100000,36.854379900000005,7.172429351890002,det_1151,
785,COM01081.00,2020,O.Sn,Me.Cu,30920000,66000,2100,det_1437,
786,COM01081.00,2020,O.Sn,Me.Sn,30920000,181000,6000,det_1437,
787,COM01086.00,2019,O.bulk,Me.Fe,19845000,,,det_1447,
788,COM01086.00,2019,O.bulk,Me.Ni,19845000,285760,14400,det_1447,
789,COM01086.00,2019,O.Fe,Me.Fe,41881000,,,det_1447,
790,COM01086.00,2019,O.Fe,Me.Ni,41881000,490000,11700,det_1447,
791,COM01088.00,2019,F.coal,,211105440,,,det_1411,
792,COM01090.00,2017,O.Fe,Me.Fe,1271698113.2075472,,,det_2878,
793,COM01093.00,2019,O.bulk,Me.Ag,263392000,3330.303515379,12.757285408500001,det_1477,
794,COM01093.00,2019,O.bulk,Me.Au,263392000,20.893598451000003,0.08504856939000001,det_1477,
795,COM01097.00,2018,O.bulk,Me.Ag,5400000,,,det_2852,
796,COM01097.00,2018,O.bulk,Me.Au,5400000,,,det_2852,
797,COM01097.00,2018,O.bulk,Me.Cu,5400000,,,det_2852,
798,COM01097.00,2018,O.bulk,Me.Pb,5400000,,,det_2852,
799,COM01097.00,2018,O.bulk,Me.Zn,5400000,,,det_2852,
800,COM01098.00,2019,O.bulk,Me.Ag,537100000,,,det_2879,
801,COM01098.00,2019,O.bulk,Me.Cu,537100000,,,det_2879,
802,COM01098.00,2019,O.bulk,Me.Mo,537100000,,,det_2879,
803,COM01100.00,2018,,Me.U,72000000,,,det_1065,
804,COM01101.00,2007,O.Au,Me.Au,78117000,40.880012166,0.51029141634,det_1041,
805,COM01101.00,2018,O.Au,Me.Ag,8226000,47.315353887,6.3,det_2836,
806,COM01101.00,2018,O.Au,Me.Au,113892000,75.636527364,0.7,det_2836,
807,COM01102.00,2019,O.bulk,Me.Co,12200000,29000,2409.8360655737706,det_1449,
808,COM01102.00,2019,O.bulk,Me.Cu,12200000,268000,22032.786885245903,det_1449,
809,COM01103.00,2007,O.Au,Me.Au,18763000,26.365056390000003,1.4174761565000003,det_1041,
810,COM01105.00,2018,O.pgm,Me.pgm,692000000,2146.6258914036002,3.3915317919075143,det_1093,
811,COM01106.00,2018,O.Au,Me.Au,63780487.804878056,112.70664073634147,1.94,det_2833,
812,COM01107.00,2019,O.bulk,Me.Cu,812000000,,,det_1167,
813,COM01112.00,2019,O.bulk,Me.Au,1148400000,,,det_1159,
814,COM01112.00,2019,O.bulk,Me.Cu,1148400000,,,det_1159,
815,COM01113.00,2018,O.bulk,Me.Cu,581000000,3700000,6400,det_1171,
816,COM01115.00,2019,F.coal,,31000000,,,det_1515,
817,COM01121.00,2017,F.sbc,,10382904,,,det_1427,
818,COM01123.00,2018,O.bulk,Me.Ag,18454000,3178.406771145,188.95838300639429,det_1126,
819,COM01123.00,2018,O.bulk,Me.Au,18454000,8.107963578,0.4821978974748022,det_1126,
820,COM01123.00,2018,O.bulk,Me.Pb,13998000,83000,5900,det_1126,
821,COM01123.00,2018,O.bulk,Me.Zn,13998000,211000,15100,det_1126,
822,COM01130.00,2019,O.Al,Me.Al2O3,42100000,,,det_1274,
823,COM01130.00,2019,O.Al,Nm.SiO2,42100000,,,det_1274,
824,COM01131.00,2019,O.bulk,Me.Au,392300000,14.3647033041,0.04,det_2850,
825,COM01131.00,2019,O.bulk,Me.Cu,392300000,1167000,3000,det_2850,
826,COM01131.00,2019,O.bulk,Me.Fe,392300000,,,det_2850,
827,COM01134.00,2019,F.coc,,502000000,,,det_1135,
828,COM01138.00,2018,O.bulk,Me.Ag,14910000,376.736811147,272,det_1126,
829,COM01138.00,2018,O.bulk,Me.Au,14910000,19.249326117000003,1.42,det_1126,
830,COM01138.00,2018,O.bulk,Me.Pb,14910000,192000,12900,det_1126,
831,COM01138.00,2018,O.bulk,Me.Zn,14910000,333000,22400.000000000004,det_1126,
832,COM01139.00,2017,F.lig,,3343032,,,det_1427,
833,COM01140.00,2012,O.Au,Me.Au,3290000,15.308742490200002,5.13,det_2880,
834,COM01143.00,2019,O.Au,Me.Au,1528000,14.1747615,10.17,det_1387,
835,COM01145.00,2019,F.coal,,36560160,,,det_1411,
836,COM01150.00,2017,O.bulk,Me.AsCu,869800000,,,det_2881,
837,COM01150.00,2017,O.bulk,Me.Cu,894000000,,,det_2881,
838,COM01151.00,2016,O.Cu,Me.Cu,14900000,,,det_2846,
839,COM01153.00,2018,O.Au,Me.Au,3830000,11.0563140207,3.15,det_2833,
840,COM01154.00,2019,O.Fe,Me.Fe,324500000,,,det_1159,
841,COM01155.00,2019,O.Fe,Me.Fe,2823700000,,,det_1159,
842,COM01156.00,2019,O.Fe,Me.Fe,4198100000.0000005,,,det_1159,
843,COM01158.00,2019,O.Au,Me.Au,4300000,2.466408501,0.63,det_2791,
844,COM01164.00,2019,O.bulk,Me.Ag,112600000,,,det_1380,
845,COM01164.00,2019,O.bulk,Me.Au,112600000,,,det_1380,
846,COM01168.00,2020,F.coal,,1479145800,,,det_1582,
847,COM01173.00,2017,F.sbc,,17944416,,,det_1427,
848,COM01174.00,2019,F.coal,,9050000000,,,det_1376,under PRC standard
849,COM01175.00,2019,F.coal,,1370000000,,,det_1376,under PRC standard
850,COM01178.00,2013,O.bulk,Me.Ag,12313,,,det_1343,
851,COM01178.00,2013,O.bulk,Me.Au,12313,,,det_1343,
852,COM01179.00,2020,F.coal,,509000000,,,det_1489,
853,COM01180.00,2019,F.coc,,48081600,,,det_2144,
854,COM01182.00,2020,F.coal,,213000000,,,det_1581,194+19
855,COM01183.00,2018,O.bulk,Me.Au,,12.864,0.5,det_1332,
856,COM01183.00,2018,O.bulk,Me.Cu,,54728,2100,det_1332,
857,COM01185.00,2020,O.bulk,Me.Ag,3300000,19.986413715,6.691212121212121,det_1699,
858,COM01185.00,2020,O.bulk,Me.Au,3300000,11.509906338,3.8363636363636355,det_1699,
859,COM01187.00,2020,F.coal,,203286000,,,det_1561,
860,COM01189.00,2019,O.bulk,O.TiO2,272000000,3700000,13000,det_2860,
861,COM01190.00,2019,O.bulk,Me.Ag,2960000000,,,det_1167,
862,COM01190.00,2019,O.bulk,Me.Cu,2960000000,,,det_1167,
863,COM01190.00,2019,O.bulk,Me.Mo,2960000000,,,det_1167,
864,COM01191.00,2018,O.Au,Me.Au,95223529.41176471,68.70590311505883,0.7899999999999999,det_2833,
865,COM01193.00,2019,O.bulk,Me.Ag,1812000,424.56245644800003,234.1670610538,det_1477,
866,COM01193.00,2019,O.bulk,Me.Pb,1812000,89113.66419494001,54200,det_1477,
867,COM01193.00,2019,O.bulk,Me.Zn,1812000,134002.07231488,81500,det_1477,
868,COM01194.00,2017,O.Fe,Me.Fe,6119866814.650389,,,det_1079,
869,COM01195.00,2020,O.Au,Me.Au,31053000,58.68351261,2.0610588348951793,det_1649,Oxide ; Sulphide ; Stockpiles
870,COM01199.00,2018,O.Fe,Me.Fe,544600000,,,det_1104,
871,COM01200.00,2020,O.Au,Me.Au,3600000,6.917283612,2.1,det_2853,
872,COM01201.00,2009,O.Zn,Me.Zn,8000000,,,det_2838,
873,COM01201.00,2019,O.Zn,Me.Zn,2100000,,,det_1307,
874,COM01202.00,2010,F.coal,,15513120.000000002,,,det_1409,
875,COM01205.00,2018,O.Au,Me.Au,50908000,26.280007821,0.57,det_1126,
876,COM01206.00,2019,F.stc,,2721600,,,det_2144,
877,COM01209.00,2019,O.bulk,Me.Au,109300000,,,det_1159,
878,COM01209.00,2019,O.bulk,Me.Cu,109300000,,,det_1159,
879,COM01211.00,2019,F.coal,,93078720,,,det_1373,
880,COM01214.00,2019,F.coal,,137000000,,,det_1135,
881,COM01222.00,2018,F.coal,,199221120,,,det_1077,
882,COM01227.00,2018,O.pgm,Me.pgm,23900000,418.32556330628,19.2,det_1093,
883,COM01229.00,2019,O.Fe,Me.Fe,5000000000,,,det_1361,
884,COM01231.00,2020,F.coal,,19000000,,,det_1486,
885,COM01233.00,2020,F.coc,,302000000,,,det_2882,
886,COM01234.00,2020,F.coc,,1966000000,,,det_2882,
887,COM01235.00,2020,F.coc,,215000000,,,det_2882,
888,COM01236.00,2020,F.coc,,329000000,,,det_2882, NA
889,COM01237.00,2020,F.lig,,3939000000,,,det_2882,
890,COM01238.00,2020,F.coc,,2000000,,,det_2882,
891,COM01238.00,2020,F.lig,,100000000,,,det_2882,
892,COM01239.00,2020,F.coc,,70000000,,,det_2882,
893,COM01239.00,2020,F.lig,,464000000,,,det_2882,
894,COM01240.00,2010,F.coal,,51256800,,,det_1409,
895,COM01241.00,2017,O.Au,Me.Au,,226.79618504,,det_2883,
896,COM01243.00,2018,O.Au,Me.Au,84000000,165.5612150792,2.16,det_2833,
897,COM01244.00,2013,F.coal,,7076160,,,det_1403,
898,COM01245.00,2020,F.coal,,152000000,,,det_1581,
899,COM01246.00,2019,F.coal,,362000000,,,det_1519,
900,COM01248.00,2019,O.bulk,Me.Fe,35092000,,,det_1447,
901,COM01248.00,2019,O.bulk,Me.Ni,35092000,512330.00000000006,14600,det_1447,
902,COM01248.00,2019,O.Fe,Me.Fe,71208000,,,det_1447,
903,COM01248.00,2019,O.Fe,Me.Ni,71208000,733440,10300,det_1447,
904,COM01251.00,2019,O.bulk,Me.Ag,42215608,,,det_1631,
905,COM01251.00,2019,O.bulk,Me.Cu,42215608,,,det_1631,
906,COM01255.00,2019,O.bulk,Me.Ag,2445606,,,det_1631,
907,COM01255.00,2019,O.bulk,Me.Au,2445606,,,det_1631,
908,COM01255.00,2019,O.bulk,Me.Pb,2445606,,,det_1631,
909,COM01255.00,2019,O.bulk,Me.Zn,2445606,,,det_1631,
910,COM01256.00,2017,O.Au,Me.Au,26400000,125.02139643000001,4.706020839580001,det_2839,
911,COM01257.00,2020,F.coal,,2770000000,,,det_1512,
912,COM01258.00,2019,O.bulk,Me.Ag,66858656,,,det_1631,
913,COM01258.00,2019,O.bulk,Me.Au,66858656,,,det_1631,
914,COM01259.00,2013,O.P,Nm.PO,680900000,,,det_1162,
915,COM01260.00,2013,O.K2O,Me.KCl,12900000,,,det_1162,
916,COM01261.00,2018,O.bulk,Me.Pb,19000000,,,det_1124,Proven ; Probable
917,COM01261.00,2018,O.bulk,Me.Zn,19000000,,,det_1124,Proven ; Probable
918,COM01265.00,2018,O.Au,Me.Au,119917000,210.92045112000002,1.9000000000000001,det_2836,
919,COM01266.00,2014,O.Au,Me.Au,4630000,34.019427756,8.09,det_2884,
920,COM01267.00,2014,O.Au,Me.Au,4630000,34.019427756,8.09,det_2884,
921,COM01269.00,2019,F.coal,,13000000,,,det_1519,
922,COM01270.00,2018,O.bulk,Me.Au,77200000,55.2815701035,0.7952849740932643,det_2841,
923,COM01270.00,2018,O.bulk,Me.Cu,81600000,200200,1017.5735294117646,det_2841,
924,COM01270.00,2018,O.bulk,Me.Pb,44000000,140000,3200,det_1604,
925,COM01270.00,2018,O.bulk,Me.WO3,44000000,160000,3600,det_1604,
926,COM01270.00,2018,O.bulk,Me.Zn,44000000,290000,6500,det_1604,
927,COM01274.00,2011,O.Fe,Me.Fe,10400000,,,det_2843,
928,COM01275.00,2019,O.bulk,Me.Ag,1549000,,,det_2885,
929,COM01275.00,2019,O.bulk,Me.Au,1549000,,,det_2885,
930,COM01275.00,2019,O.bulk,Me.Cu,1549000,,,det_2885,
931,COM01275.00,2019,O.bulk,Me.Pb,1549000,,,det_2885,
932,COM01275.00,2019,O.bulk,Me.Zn,1549000,,,det_2885,
933,COM01276.00,2018,O.bulk,Me.Ag,12080000,,,det_1124,proven ; probable 
934,COM01276.00,2018,O.bulk,Me.Au,12080000,,,det_1124,proven ; probable 
935,COM01276.00,2018,O.bulk,Me.Cu,7880000,,,det_1124,proven ; probable 
936,COM01276.00,2018,O.bulk,Me.Pb,7870000,,,det_1124,probable ; proven 
937,COM01276.00,2018,O.bulk,Me.Te,4200000,,,det_1124,proven ; probable
938,COM01276.00,2018,O.bulk,Me.Zn,7880000,,,det_1124,proven ; probable 
939,COM01278.00,2020,O.Au,Me.Au,33000000,48.1941891,1.6,det_1499,
940,COM01280.00,2020,F.coal,,12000000,,,det_1489,
941,COM01281.00,2019,O.Mn,Me.Mn,3150000,,,det_2044,
942,COM01282.00,2019,O.Fe,Me.Fe,613082759.8,,,det_1233,Process recovery [Metallurgical recovery] includes all factors for converting crude ore tonnage to a saleable product.  Saleable product is a standard pellet containing 65 to 66% Fe.  Saleable product is reported on a dry basis. Shipped products typically contain 1 to 4% moisture.
943,COM01284.00,2019,O.bulk,Me.Au,9900000,,,det_1380,
944,COM01288.00,2020,F.coal,,8603000,,,det_1561,
945,COM01289.00,2018,O.Au,Me.Au,,26.9320469735,,det_1028,
946,COM01290.00,2018,O.sul,Me.Cu,2064661000,,,det_2840,
947,COM01290.00,2018,O.sul,Me.Mo,2064661000,,,det_2840,
948,COM01292.00,2020,O.Au,Me.Au,50520000,49.214771928000005,1.0352731591448932,det_1649,
949,COM01295.00,2020,O.Cu,Me.Ag,4900000,19.135928025,4.753061224489796,det_2215,
950,COM01295.00,2020,O.Cu,Me.Au,5600000,1.304078058,0.24642857142857144,det_2215,
951,COM01295.00,2020,O.Cu,Me.Cu,5600000,85000,15321.42857142857,det_2215,
952,COM01296.00,2018,O.Au,Me.Au,65671428.571428575,106.1082151437143,1.77,det_2833,
953,COM01299.00,2013,F.coal,,167800000,,,det_2441,
954,COM01300.00,2019,O.Au,Me.Ag,35990000,996.4573839270001,30.768824673520424,det_2473,
955,COM01300.00,2019,O.Au,Me.Au,35990000,24.692434533,0.752167268685746,det_2473,
956,COM01301.00,2012,O.Au,Me.Au,46394.74192924802,0.6028315348927122,12.984081593540001,det_2708,
957,COM01302.00,2019,F.coal,,64955519.99999999,,,det_1411,
958,COM01303.00,2018,F.obc,,3378412.8000000003,,,det_1431,
959,COM01304.00,2018,F.obc,,14968800,,,det_1431,
960,COM01307.00,2019,F.stc,,4536000,,,det_2144,
961,COM01308.00,2017,O.Au,Me.Au,81400000,321.20009559000005,3.9716149498474334,det_2839,
962,COM01309.00,2020,F.coal,,246000000,,,det_1581,
963,COM01310.00,2019,O.pgm,Me.pgm,64970000,207.2350140803,3.5,det_1265,
964,COM01311.00,2019,O.Cu,Me.Cu,49000000,,,det_1167,
965,COM01313.00,2020,F.stc,,9000000,,,det_1546,
966,COM01314.00,2019,O.bulk,Me.Ag,10425777,,,det_1631,
967,COM01314.00,2019,O.bulk,Me.Pb,10425777,,,det_1631,
968,COM01314.00,2019,O.bulk,Me.Zn,10425777,,,det_1631,
969,COM01316.00,2002,O.Au,Me.Au,2500000,2.8349523130000005,1.07,det_2854,
970,COM01319.00,2019,O.Fe,Me.Fe,817917835,,,det_1233,Process recovery [Metallurgical recovery] includes all factors for converting crude ore tonnage to a saleable product.  Saleable product is a standard pellet containing 65 to 66% Fe.  Saleable product is reported on a dry basis. Shipped products typically contain 1 to 4% moisture.
971,COM01320.00,2018,O.pgm,Me.pgm,52500000,158.75732952799999,3.3,det_1103,
972,COM01323.00,2016,O.Mn,Me.Mn,10100000,,,det_1160,
973,COM01324.00,2020,F.coal,,37423000,,,det_1561,
974,COM01329.00,2019,O.Fe,Me.Fe,3488800000,,,det_1159,
975,COM01331.00,2018,O.Au,Me.Ag,200486000,2546.07066063,13.930000000000001,det_1035,
976,COM01331.00,2018,O.Au,Me.Au,213152000,143.902178748,0.74,det_1035,
977,COM01335.00,2013,F.coal,,3538080,,,det_1403,
978,COM01338.00,2019,F.stc,,36650880,,,det_1399,
979,COM01346.00,2018,O.Au,Me.Au,400000000,311.84475443,0.8600000000000001,det_2841,
980,COM01346.00,2018,O.Au,Me.Cu,400000000,5000000,12000,det_2841,
981,COM01348.00,2019,F.coal,,13000000,,,det_1519,
982,COM01350.00,2014,O.Au,Me.Au,2200000,10.20582828,4.564273223930001,det_1013,
983,COM01350.00,2019,O.Au,Me.Ag,920000,23.246608966600004,27.403260869565216,det_1359,
984,COM01350.00,2019,O.Au,Me.Au,920000,2.8349523130000005,3.3752173913043477,det_1359,
985,COM01351.00,2019,F.stc,,162388800,,,det_2144,
986,COM01353.00,2019,F.coal,,81375840,,,det_1411,
987,COM01354.00,2020,F.coal,,158200000,,,det_1486,
988,COM01355.00,2018,O.Al,Me.Al2O3,1267000000,,,det_1065,
989,COM01359.00,2020,F.coal,,7500000,,,det_1542,
990,COM01360.00,2019,F.stc,,45813600,,,det_1399,
991,COM01364.00,2019,O.Fe,Me.Fe,480000000,,,det_1218,
992,COM01366.00,2019,O.Cu,Me.Cu,8340000,113500,13287.769784172662,det_2473,
993,COM01367.00,2019,O.Au,Me.Au,30966000,21.772433664,0.7087380782500001,det_1477,
994,COM01370.00,2019,F.stc,,27216000,,,det_2144,
995,COM01373.00,2019,F.stc,,94348800,,,det_2144,
996,COM01374.00,2020,O.Au,Me.Au,24700000,39.689332381999996,1.7,det_1501,
997,COM01378.00,2019,M.lat,Me.Al2O3,270000000,,,det_1147,
998,COM01378.00,2019,M.lat,Nm.SiO2,270000000,,,det_1147,
999,COM01379.00,2018,O.bulk,Me.Zn,,47834,31000,det_1332,
1000,COM01380.00,2019,O.Al,Me.Al2O3,22470000,,,det_1274,
1001,COM01380.00,2019,O.Al,Nm.SiO2,22470000,,,det_1274,
1002,COM01381.00,2019,O.Al,Me.Al2O3,10290000,,,det_1274,
1003,COM01381.00,2019,O.Al,Nm.SiO2,10290000,,,det_1274,
1004,COM01385.00,2019,O.Al,Me.Al2O3,1110000,,,det_1274,
1005,COM01385.00,2019,O.Al,Nm.SiO2,1110000,,,det_1274,
1006,COM01388.00,2017,O.bulk,Me.Ag,178941524.79644707,1416.4269448556624,7.973926366213754,det_2839,
1007,COM01388.00,2017,O.bulk,Me.Au,193190229.45965952,108.59273243893412,0.5503717766272413,det_2839,
1008,COM01392.00,2019,O.Al,Me.Al2O3,1010000,,,det_1274,
1009,COM01392.00,2019,O.Al,Nm.SiO2,1010000,,,det_1274,
1010,COM01394.00,2020,F.coal,,269000000,,,det_1489,
1011,COM01395.00,2020,F.coal,,51000000,,,det_1486,
1012,COM01398.00,2018,O.bulk,Me.Ag,21500000,,,det_1374,
1013,COM01398.00,2018,O.bulk,Me.Cu,21500000,,,det_1374,
1014,COM01398.00,2018,O.bulk,Me.Pb,21500000,,,det_1374,
1015,COM01398.00,2018,O.bulk,Me.Zn,21500000,,,det_1374,
1016,COM01399.00,2019,O.bulk,Me.Ag,8439000,357.203991438,46.49,det_1385,
1017,COM01399.00,2019,O.bulk,Me.Au,8439000,3.855535128,0.5,det_1385,
1018,COM01399.00,2019,O.bulk,Me.Cu,8439000,95163.67922600001,11299.999999999998,det_1385,
1019,COM01399.00,2019,O.bulk,Me.Pb,8439000,65544.097465,7800,det_1385,
1020,COM01399.00,2019,O.bulk,Me.Zn,8439000,259454.83564,30700,det_1385,
1021,COM01402.00,2020,F.coal,,1530043915,,,det_2587,
1022,COM01409.00,2018,O.bulk,Me.Au,440700000,,,det_1602,
1023,COM01409.00,2018,O.bulk,Me.Cu,440700000,,,det_1602,
1024,COM01410.00,2018,O.Cu,Me.Cu,467484000,2167173.625386,4640,det_1035,
1025,COM01410.00,2019,O.Cu,Me.Cu,568500000,,,det_1173,
1026,COM01416.00,2019,O.bulk,Me.Ag,10100000,,,det_1307,
1027,COM01416.00,2019,O.bulk,Me.Pb,10100000,,,det_1307,
1028,COM01416.00,2019,O.bulk,Me.Zn,10100000,,,det_1307,
1029,COM01418.00,2018,O.Au,Me.Au,,9.896,7.879999999999999,det_1332,
1030,COM01419.00,2020,F.coal,,25000000,,,det_1489,
1031,COM01428.00,2019,F.coal,,3080000000,,,det_1376,under PRC standard
1032,COM01429.00,2020,F.stc,,47200000,,,det_1115,27.9+19.3
1033,COM01430.00,2018,O.bulk,Me.Au,,0.357,0.32,det_1332,
1034,COM01430.00,2018,O.bulk,Me.Cu,,501440,6800.000000000001,det_1332,
1035,COM01432.00,2019,O.bulk,Me.Ag,10816000,822.13617077,82.00000000000001,det_2842,
1036,COM01432.00,2019,O.bulk,Me.Pb,10816000,371000,34000,det_2842,
1037,COM01432.00,2019,O.bulk,Me.Zn,10816000,803000,74000,det_2842,
1038,COM01435.00,2019,O.Al,Me.Al2O3,10360000,,,det_1274,
1039,COM01435.00,2019,O.Al,Nm.SiO2,10360000,,,det_1274,
